{
  "www.webstaurantstore.com" : {
    "transaction" : "www.webstaurantstore.com",
    "sampleCount" : 279,
    "errorCount" : 0,
    "errorPct" : 0.0,
    "meanResTime" : 919.3225806451609,
    "medianResTime" : 877.0,
    "minResTime" : 744.0,
    "maxResTime" : 2898.0,
    "pct1ResTime" : 1061.0,
    "pct2ResTime" : 1192.0,
    "pct3ResTime" : 2006.5999999999922,
    "throughput" : 0.3104366809311765,
    "receivedKBytesPerSec" : 485.7985041319233,
    "sentKBytesPerSec" : 0.18735338751510458
  },
  "Total" : {
    "transaction" : "Total",
    "sampleCount" : 558,
    "errorCount" : 0,
    "errorPct" : 0.0,
    "meanResTime" : 614.7580645161289,
    "medianResTime" : 717.0,
    "minResTime" : 0.0,
    "maxResTime" : 2898.0,
    "pct1ResTime" : 970.1,
    "pct2ResTime" : 1061.4999999999995,
    "pct3ResTime" : 1424.4599999999998,
    "throughput" : 0.6208685260825977,
    "receivedKBytesPerSec" : 573.971993139222,
    "sentKBytesPerSec" : 0.4574432977632043
  },
  "www.webstaurantstore.com/productSelected" : {
    "transaction" : "www.webstaurantstore.com/productSelected",
    "sampleCount" : 278,
    "errorCount" : 0,
    "errorPct" : 0.0,
    "meanResTime" : 311.30935251798576,
    "medianResTime" : 301.5,
    "minResTime" : 78.0,
    "maxResTime" : 690.0,
    "pct1ResTime" : 429.2,
    "pct2ResTime" : 462.1,
    "pct3ResTime" : 588.289999999999,
    "throughput" : 0.3113067042922252,
    "receivedKBytesPerSec" : 88.74316107707361,
    "sentKBytesPerSec" : 0.27182471360903016
  },
  "T02_Click a product" : {
    "transaction" : "T02_Click a product",
    "sampleCount" : 279,
    "errorCount" : 0,
    "errorPct" : 0.0,
    "meanResTime" : 310.19354838709694,
    "medianResTime" : 301.0,
    "minResTime" : 0.0,
    "maxResTime" : 690.0,
    "pct1ResTime" : 429.0,
    "pct2ResTime" : 462.0,
    "pct3ResTime" : 587.7999999999995,
    "throughput" : 0.31132833422603107,
    "receivedKBytesPerSec" : 88.43122910355015,
    "sentKBytesPerSec" : 0.27086925046866633
  },
  "T01_View Scratch and Dent Outlet" : {
    "transaction" : "T01_View Scratch and Dent Outlet",
    "sampleCount" : 279,
    "errorCount" : 0,
    "errorPct" : 0.0,
    "meanResTime" : 919.3225806451609,
    "medianResTime" : 877.0,
    "minResTime" : 744.0,
    "maxResTime" : 2898.0,
    "pct1ResTime" : 1061.0,
    "pct2ResTime" : 1192.0,
    "pct3ResTime" : 2006.5999999999922,
    "throughput" : 0.3104688078999289,
    "receivedKBytesPerSec" : 485.84877922607586,
    "sentKBytesPerSec" : 0.18737277664273053
  }
}